,ID Year,Year,ID Race,Race,Household Income by Race,Household Income by Race Moe,Geography,ID Geography
2,2017,2017,0,Total,97872,15718.0,"Census Tract 5001, Santa Clara County, CA",14000US06085500100
5,2017,2017,0,Total,99942,9525.0,"Census Tract 5002, Santa Clara County, CA",14000US06085500200
9,2017,2017,0,Total,116447,16494.0,"Census Tract 5003, Santa Clara County, CA",14000US06085500300
12,2017,2017,0,Total,72786,7239.000000000001,"Census Tract 5004, Santa Clara County, CA",14000US06085500400
15,2017,2017,0,Total,132216,15842.0,"Census Tract 5005, Santa Clara County, CA",14000US06085500500
19,2017,2017,0,Total,103285,21434.0,"Census Tract 5006, Santa Clara County, CA",14000US06085500600
22,2017,2017,0,Total,88333,16885.0,"Census Tract 5008, Santa Clara County, CA",14000US06085500800
26,2017,2017,0,Total,69868,19907.0,"Census Tract 5009.01, Santa Clara County, CA",14000US06085500901
29,2017,2017,0,Total,43714,6197.0,"Census Tract 5009.02, Santa Clara County, CA",14000US06085500902
33,2017,2017,0,Total,38993,11468.0,"Census Tract 5010, Santa Clara County, CA",14000US06085501000
36,2017,2017,0,Total,75069,12895.0,"Census Tract 5011.01, Santa Clara County, CA",14000US06085501101
39,2017,2017,0,Total,78688,13762.0,"Census Tract 5011.02, Santa Clara County, CA",14000US06085501102
43,2017,2017,0,Total,74911,16063.999999999998,"Census Tract 5012, Santa Clara County, CA",14000US06085501200
46,2017,2017,0,Total,102143,33338.0,"Census Tract 5013, Santa Clara County, CA",14000US06085501300
49,2017,2017,0,Total,45966,5615.0,"Census Tract 5014.01, Santa Clara County, CA",14000US06085501401
53,2017,2017,0,Total,51982,10342.0,"Census Tract 5014.02, Santa Clara County, CA",14000US06085501402
56,2017,2017,0,Total,52934,13916.0,"Census Tract 5015.01, Santa Clara County, CA",14000US06085501501
59,2017,2017,0,Total,62813,16038.000000000002,"Census Tract 5015.02, Santa Clara County, CA",14000US06085501502
63,2017,2017,0,Total,60216,19716.0,"Census Tract 5016, Santa Clara County, CA",14000US06085501600
66,2017,2017,0,Total,47639,10496.0,"Census Tract 5017, Santa Clara County, CA",14000US06085501700
69,2017,2017,0,Total,115458,19545.0,"Census Tract 5018, Santa Clara County, CA",14000US06085501800
73,2017,2017,0,Total,89427,9785.0,"Census Tract 5019, Santa Clara County, CA",14000US06085501900
76,2017,2017,0,Total,67778,10470.0,"Census Tract 5020.01, Santa Clara County, CA",14000US06085502001
79,2017,2017,0,Total,64327,9284.0,"Census Tract 5020.02, Santa Clara County, CA",14000US06085502002
83,2017,2017,0,Total,94659,19954.0,"Census Tract 5021.01, Santa Clara County, CA",14000US06085502101
86,2017,2017,0,Total,57464,10678.0,"Census Tract 5021.02, Santa Clara County, CA",14000US06085502102
89,2017,2017,0,Total,62813,16708.0,"Census Tract 5022.01, Santa Clara County, CA",14000US06085502201
93,2017,2017,0,Total,93421,15282.0,"Census Tract 5022.02, Santa Clara County, CA",14000US06085502202
96,2017,2017,0,Total,126103,31445.0,"Census Tract 5023.01, Santa Clara County, CA",14000US06085502301
99,2017,2017,0,Total,86700,19006.0,"Census Tract 5023.02, Santa Clara County, CA",14000US06085502302
103,2017,2017,0,Total,126815,7416.000000000001,"Census Tract 5024, Santa Clara County, CA",14000US06085502400
106,2017,2017,0,Total,156875,15596.0,"Census Tract 5025, Santa Clara County, CA",14000US06085502500
109,2017,2017,0,Total,145991,22000.0,"Census Tract 5026.01, Santa Clara County, CA",14000US06085502601
113,2017,2017,0,Total,143359,37006.0,"Census Tract 5026.03, Santa Clara County, CA",14000US06085502603
116,2017,2017,0,Total,92100,6702.0,"Census Tract 5026.04, Santa Clara County, CA",14000US06085502604
119,2017,2017,0,Total,97566,13095.0,"Census Tract 5027.01, Santa Clara County, CA",14000US06085502701
123,2017,2017,0,Total,113636,20366.0,"Census Tract 5027.02, Santa Clara County, CA",14000US06085502702
126,2017,2017,0,Total,111250,18062.0,"Census Tract 5028, Santa Clara County, CA",14000US06085502800
129,2017,2017,0,Total,107296,15608.0,"Census Tract 5029.01, Santa Clara County, CA",14000US06085502901
133,2017,2017,0,Total,142614,20399.0,"Census Tract 5029.02, Santa Clara County, CA",14000US06085502902
136,2017,2017,0,Total,136136,18971.0,"Census Tract 5029.03, Santa Clara County, CA",14000US06085502903
139,2017,2017,0,Total,94659,16904.0,"Census Tract 5029.06, Santa Clara County, CA",14000US06085502906
143,2017,2017,0,Total,137399,13360.0,"Census Tract 5029.07, Santa Clara County, CA",14000US06085502907
146,2017,2017,0,Total,143015,9808.0,"Census Tract 5029.08, Santa Clara County, CA",14000US06085502908
149,2017,2017,0,Total,93326,11861.0,"Census Tract 5029.09, Santa Clara County, CA",14000US06085502909
153,2017,2017,0,Total,92610,9601.0,"Census Tract 5029.10, Santa Clara County, CA",14000US06085502910
156,2017,2017,0,Total,152159,28633.0,"Census Tract 5030.01, Santa Clara County, CA",14000US06085503001
159,2017,2017,0,Total,118792,24528.0,"Census Tract 5030.02, Santa Clara County, CA",14000US06085503002
163,2017,2017,0,Total,137031,19679.0,"Census Tract 5030.03, Santa Clara County, CA",14000US06085503003
166,2017,2017,0,Total,36250,11856.0,"Census Tract 5031.05, Santa Clara County, CA",14000US06085503105
169,2017,2017,0,Total,93750,28184.0,"Census Tract 5031.08, Santa Clara County, CA",14000US06085503108
173,2017,2017,0,Total,45290,3839.0,"Census Tract 5031.10, Santa Clara County, CA",14000US06085503110
176,2017,2017,0,Total,93167,12557.0,"Census Tract 5031.11, Santa Clara County, CA",14000US06085503111
179,2017,2017,0,Total,52258,9919.0,"Census Tract 5031.12, Santa Clara County, CA",14000US06085503112
183,2017,2017,0,Total,58641,9483.0,"Census Tract 5031.13, Santa Clara County, CA",14000US06085503113
186,2017,2017,0,Total,107500,13728.0,"Census Tract 5031.15, Santa Clara County, CA",14000US06085503115
189,2017,2017,0,Total,76250,19278.0,"Census Tract 5031.16, Santa Clara County, CA",14000US06085503116
193,2017,2017,0,Total,53125,14487.0,"Census Tract 5031.17, Santa Clara County, CA",14000US06085503117
196,2017,2017,0,Total,68563,7401.000000000001,"Census Tract 5031.18, Santa Clara County, CA",14000US06085503118
199,2017,2017,0,Total,51038,5408.0,"Census Tract 5031.21, Santa Clara County, CA",14000US06085503121
203,2017,2017,0,Total,21908,2371.0,"Census Tract 5031.22, Santa Clara County, CA",14000US06085503122
206,2017,2017,0,Total,42747,3334.0,"Census Tract 5031.23, Santa Clara County, CA",14000US06085503123
209,2017,2017,0,Total,73026,20578.0,"Census Tract 5032.04, Santa Clara County, CA",14000US06085503204
213,2017,2017,0,Total,92768,9836.0,"Census Tract 5032.07, Santa Clara County, CA",14000US06085503207
216,2017,2017,0,Total,100000,17405.0,"Census Tract 5032.08, Santa Clara County, CA",14000US06085503208
219,2017,2017,0,Total,74839,11902.0,"Census Tract 5032.10, Santa Clara County, CA",14000US06085503210
223,2017,2017,0,Total,93409,20254.0,"Census Tract 5032.11, Santa Clara County, CA",14000US06085503211
226,2017,2017,0,Total,112250,13561.000000000002,"Census Tract 5032.12, Santa Clara County, CA",14000US06085503212
229,2017,2017,0,Total,50565,13342.0,"Census Tract 5032.13, Santa Clara County, CA",14000US06085503213
233,2017,2017,0,Total,42554,9908.0,"Census Tract 5032.14, Santa Clara County, CA",14000US06085503214
236,2017,2017,0,Total,67034,6971.0,"Census Tract 5032.17, Santa Clara County, CA",14000US06085503217
239,2017,2017,0,Total,41953,7312.0,"Census Tract 5032.18, Santa Clara County, CA",14000US06085503218
243,2017,2017,0,Total,66932,8081.999999999999,"Census Tract 5033.04, Santa Clara County, CA",14000US06085503304
246,2017,2017,0,Total,81250,10038.0,"Census Tract 5033.05, Santa Clara County, CA",14000US06085503305
249,2017,2017,0,Total,64769,20949.0,"Census Tract 5033.06, Santa Clara County, CA",14000US06085503306
253,2017,2017,0,Total,95855,12157.0,"Census Tract 5033.12, Santa Clara County, CA",14000US06085503312
256,2017,2017,0,Total,159000,17937.0,"Census Tract 5033.13, Santa Clara County, CA",14000US06085503313
259,2017,2017,0,Total,96048,19534.0,"Census Tract 5033.15, Santa Clara County, CA",14000US06085503315
263,2017,2017,0,Total,106659,4889.0,"Census Tract 5033.21, Santa Clara County, CA",14000US06085503321
266,2017,2017,0,Total,112500,14510.0,"Census Tract 5033.22, Santa Clara County, CA",14000US06085503322
269,2017,2017,0,Total,116719,17875.0,"Census Tract 5033.23, Santa Clara County, CA",14000US06085503323
273,2017,2017,0,Total,123819,16915.0,"Census Tract 5033.24, Santa Clara County, CA",14000US06085503324
276,2017,2017,0,Total,118554,13994.000000000002,"Census Tract 5033.25, Santa Clara County, CA",14000US06085503325
279,2017,2017,0,Total,176394,13108.0,"Census Tract 5033.26, Santa Clara County, CA",14000US06085503326
283,2017,2017,0,Total,86923,19131.0,"Census Tract 5033.27, Santa Clara County, CA",14000US06085503327
286,2017,2017,0,Total,180375,15214.0,"Census Tract 5033.29, Santa Clara County, CA",14000US06085503329
289,2017,2017,0,Total,186767,23857.0,"Census Tract 5033.30, Santa Clara County, CA",14000US06085503330
293,2017,2017,0,Total,104453,29169.0,"Census Tract 5033.31, Santa Clara County, CA",14000US06085503331
296,2017,2017,0,Total,96029,16254.0,"Census Tract 5033.32, Santa Clara County, CA",14000US06085503332
299,2017,2017,0,Total,150071,15208.0,"Census Tract 5033.33, Santa Clara County, CA",14000US06085503333
303,2017,2017,0,Total,227849,29055.000000000004,"Census Tract 5033.34, Santa Clara County, CA",14000US06085503334
306,2017,2017,0,Total,93750,12956.0,"Census Tract 5033.36, Santa Clara County, CA",14000US06085503336
309,2017,2017,0,Total,84821,10622.0,"Census Tract 5033.37, Santa Clara County, CA",14000US06085503337
313,2017,2017,0,Total,66250,12538.0,"Census Tract 5034.01, Santa Clara County, CA",14000US06085503401
316,2017,2017,0,Total,56097,7752.999999999999,"Census Tract 5034.02, Santa Clara County, CA",14000US06085503402
319,2017,2017,0,Total,77614,15593.0,"Census Tract 5035.04, Santa Clara County, CA",14000US06085503504
323,2017,2017,0,Total,62868,13226.0,"Census Tract 5035.06, Santa Clara County, CA",14000US06085503506
326,2017,2017,0,Total,122875,25718.0,"Census Tract 5035.07, Santa Clara County, CA",14000US06085503507
329,2017,2017,0,Total,76250,16499.0,"Census Tract 5035.08, Santa Clara County, CA",14000US06085503508
333,2017,2017,0,Total,90739,14901.999999999998,"Census Tract 5035.09, Santa Clara County, CA",14000US06085503509
336,2017,2017,0,Total,69456,6297.0,"Census Tract 5035.10, Santa Clara County, CA",14000US06085503510
339,2017,2017,0,Total,101806,14575.0,"Census Tract 5035.11, Santa Clara County, CA",14000US06085503511
343,2017,2017,0,Total,55833,6792.0,"Census Tract 5036.01, Santa Clara County, CA",14000US06085503601
346,2017,2017,0,Total,52425,9456.0,"Census Tract 5036.02, Santa Clara County, CA",14000US06085503602
349,2017,2017,0,Total,61250,7637.0,"Census Tract 5037.03, Santa Clara County, CA",14000US06085503703
353,2017,2017,0,Total,85268,8669.0,"Census Tract 5037.07, Santa Clara County, CA",14000US06085503707
356,2017,2017,0,Total,74861,17084.0,"Census Tract 5037.08, Santa Clara County, CA",14000US06085503708
359,2017,2017,0,Total,30625,3742.0,"Census Tract 5037.09, Santa Clara County, CA",14000US06085503709
363,2017,2017,0,Total,29558,6355.0,"Census Tract 5037.10, Santa Clara County, CA",14000US06085503710
366,2017,2017,0,Total,80074,19967.0,"Census Tract 5037.11, Santa Clara County, CA",14000US06085503711
369,2017,2017,0,Total,35313,14669.0,"Census Tract 5037.12, Santa Clara County, CA",14000US06085503712
371,2017,2017,0,Total,32031,5703.0,"Census Tract 5037.13, Santa Clara County, CA",14000US06085503713
367,2017,2017,0,Total,90645,9683.0,"Census Tract 5038.02, Santa Clara County, CA",14000US06085503802
365,2017,2017,0,Total,87292,24491.0,"Census Tract 5038.03, Santa Clara County, CA",14000US06085503803
361,2017,2017,0,Total,88547,20163.0,"Census Tract 5038.04, Santa Clara County, CA",14000US06085503804
357,2017,2017,0,Total,69286,14561.0,"Census Tract 5039.02, Santa Clara County, CA",14000US06085503902
355,2017,2017,0,Total,81818,14540.0,"Census Tract 5039.03, Santa Clara County, CA",14000US06085503903
351,2017,2017,0,Total,63750,12671.0,"Census Tract 5040.01, Santa Clara County, CA",14000US06085504001
347,2017,2017,0,Total,71307,15105.0,"Census Tract 5040.02, Santa Clara County, CA",14000US06085504002
345,2017,2017,0,Total,73922,8034.000000000001,"Census Tract 5041.01, Santa Clara County, CA",14000US06085504101
341,2017,2017,0,Total,81927,17662.0,"Census Tract 5041.02, Santa Clara County, CA",14000US06085504102
337,2017,2017,0,Total,147073,12448.0,"Census Tract 5042.01, Santa Clara County, CA",14000US06085504201
335,2017,2017,0,Total,145125,20322.0,"Census Tract 5042.02, Santa Clara County, CA",14000US06085504202
331,2017,2017,0,Total,99954,8654.0,"Census Tract 5043.07, Santa Clara County, CA",14000US06085504307
327,2017,2017,0,Total,118833,22195.0,"Census Tract 5043.08, Santa Clara County, CA",14000US06085504308
325,2017,2017,0,Total,132500,21710.0,"Census Tract 5043.11, Santa Clara County, CA",14000US06085504311
321,2017,2017,0,Total,110463,14501.0,"Census Tract 5043.14, Santa Clara County, CA",14000US06085504314
317,2017,2017,0,Total,102609,11459.0,"Census Tract 5043.15, Santa Clara County, CA",14000US06085504315
315,2017,2017,0,Total,111087,24155.0,"Census Tract 5043.16, Santa Clara County, CA",14000US06085504316
311,2017,2017,0,Total,107250,35606.0,"Census Tract 5043.17, Santa Clara County, CA",14000US06085504317
307,2017,2017,0,Total,68418,13028.0,"Census Tract 5043.18, Santa Clara County, CA",14000US06085504318
305,2017,2017,0,Total,106365,5117.0,"Census Tract 5043.19, Santa Clara County, CA",14000US06085504319
301,2017,2017,0,Total,125156,18291.0,"Census Tract 5043.20, Santa Clara County, CA",14000US06085504320
297,2017,2017,0,Total,105833,17674.0,"Census Tract 5043.21, Santa Clara County, CA",14000US06085504321
295,2017,2017,0,Total,127670,27092.000000000004,"Census Tract 5043.22, Santa Clara County, CA",14000US06085504322
291,2017,2017,0,Total,99577,9385.0,"Census Tract 5043.23, Santa Clara County, CA",14000US06085504323
287,2017,2017,0,Total,74196,22342.0,"Census Tract 5044.10, Santa Clara County, CA",14000US06085504410
285,2017,2017,0,Total,102574,16715.0,"Census Tract 5044.11, Santa Clara County, CA",14000US06085504411
281,2017,2017,0,Total,74516,6749.0,"Census Tract 5044.12, Santa Clara County, CA",14000US06085504412
277,2017,2017,0,Total,113421,20900.0,"Census Tract 5044.13, Santa Clara County, CA",14000US06085504413
275,2017,2017,0,Total,163365,21610.0,"Census Tract 5044.14, Santa Clara County, CA",14000US06085504414
271,2017,2017,0,Total,131250,26372.0,"Census Tract 5044.15, Santa Clara County, CA",14000US06085504415
267,2017,2017,0,Total,111875,15101.000000000002,"Census Tract 5044.16, Santa Clara County, CA",14000US06085504416
265,2017,2017,0,Total,95750,30741.000000000004,"Census Tract 5044.17, Santa Clara County, CA",14000US06085504417
261,2017,2017,0,Total,85990,6632.0,"Census Tract 5044.18, Santa Clara County, CA",14000US06085504418
257,2017,2017,0,Total,116618,10259.0,"Census Tract 5044.20, Santa Clara County, CA",14000US06085504420
255,2017,2017,0,Total,124963,11921.0,"Census Tract 5044.21, Santa Clara County, CA",14000US06085504421
251,2017,2017,0,Total,100938,14306.0,"Census Tract 5044.22, Santa Clara County, CA",14000US06085504422
247,2017,2017,0,Total,118786,20050.0,"Census Tract 5044.23, Santa Clara County, CA",14000US06085504423
245,2017,2017,0,Total,106547,19870.0,"Census Tract 5045.04, Santa Clara County, CA",14000US06085504504
241,2017,2017,0,Total,131959,8128.0,"Census Tract 5045.05, Santa Clara County, CA",14000US06085504505
237,2017,2017,0,Total,89961,19357.0,"Census Tract 5045.06, Santa Clara County, CA",14000US06085504506
235,2017,2017,0,Total,96729,3988.0,"Census Tract 5045.07, Santa Clara County, CA",14000US06085504507
231,2017,2017,0,Total,64750,18495.0,"Census Tract 5046.01, Santa Clara County, CA",14000US06085504601
227,2017,2017,0,Total,84784,12039.0,"Census Tract 5046.02, Santa Clara County, CA",14000US06085504602
225,2017,2017,0,Total,83889,21598.0,"Census Tract 5047, Santa Clara County, CA",14000US06085504700
221,2017,2017,0,Total,93664,15683.0,"Census Tract 5048.02, Santa Clara County, CA",14000US06085504802
217,2017,2017,0,Total,119216,13864.0,"Census Tract 5048.03, Santa Clara County, CA",14000US06085504803
215,2017,2017,0,Total,95506,8278.0,"Census Tract 5048.05, Santa Clara County, CA",14000US06085504805
211,2017,2017,0,Total,110313,26882.0,"Census Tract 5048.06, Santa Clara County, CA",14000US06085504806
207,2017,2017,0,Total,153611,18941.0,"Census Tract 5049.01, Santa Clara County, CA",14000US06085504901
205,2017,2017,0,Total,127917,18085.0,"Census Tract 5050.01, Santa Clara County, CA",14000US06085505001
201,2017,2017,0,Total,156364,5314.0,"Census Tract 5050.06, Santa Clara County, CA",14000US06085505006
197,2017,2017,0,Total,103333,20633.0,"Census Tract 5050.07, Santa Clara County, CA",14000US06085505007
195,2017,2017,0,Total,130217,8915.0,"Census Tract 5050.08, Santa Clara County, CA",14000US06085505008
191,2017,2017,0,Total,104010,23927.0,"Census Tract 5050.09, Santa Clara County, CA",14000US06085505009
187,2017,2017,0,Total,76521,13234.0,"Census Tract 5051, Santa Clara County, CA",14000US06085505100
185,2017,2017,0,Total,66574,22462.0,"Census Tract 5052.02, Santa Clara County, CA",14000US06085505202
181,2017,2017,0,Total,101150,10620.0,"Census Tract 5052.03, Santa Clara County, CA",14000US06085505203
177,2017,2017,0,Total,94736,18584.0,"Census Tract 5053.01, Santa Clara County, CA",14000US06085505301
175,2017,2017,0,Total,91364,28818.0,"Census Tract 5053.02, Santa Clara County, CA",14000US06085505302
171,2017,2017,0,Total,79818,10848.0,"Census Tract 5053.03, Santa Clara County, CA",14000US06085505303
167,2017,2017,0,Total,127198,16661.0,"Census Tract 5053.04, Santa Clara County, CA",14000US06085505304
165,2017,2017,0,Total,110982,20651.0,"Census Tract 5053.05, Santa Clara County, CA",14000US06085505305
161,2017,2017,0,Total,105339,13039.0,"Census Tract 5054.01, Santa Clara County, CA",14000US06085505401
157,2017,2017,0,Total,106583,25649.0,"Census Tract 5054.02, Santa Clara County, CA",14000US06085505402
155,2017,2017,0,Total,97014,23076.0,"Census Tract 5054.03, Santa Clara County, CA",14000US06085505403
151,2017,2017,0,Total,104146,11291.0,"Census Tract 5055, Santa Clara County, CA",14000US06085505500
147,2017,2017,0,Total,51397,8889.0,"Census Tract 5056, Santa Clara County, CA",14000US06085505600
145,2017,2017,0,Total,70625,25445.0,"Census Tract 5057, Santa Clara County, CA",14000US06085505700
141,2017,2017,0,Total,118667,13065.0,"Census Tract 5058, Santa Clara County, CA",14000US06085505800
137,2017,2017,0,Total,104375,20274.0,"Census Tract 5059, Santa Clara County, CA",14000US06085505900
135,2017,2017,0,Total,105260,5661.0,"Census Tract 5060, Santa Clara County, CA",14000US06085506000
131,2017,2017,0,Total,112218,12805.0,"Census Tract 5061.01, Santa Clara County, CA",14000US06085506101
127,2017,2017,0,Total,133589,10721.0,"Census Tract 5061.02, Santa Clara County, CA",14000US06085506102
125,2017,2017,0,Total,116080,7771.0,"Census Tract 5061.03, Santa Clara County, CA",14000US06085506103
121,2017,2017,0,Total,142611,25249.0,"Census Tract 5062.02, Santa Clara County, CA",14000US06085506202
117,2017,2017,0,Total,99375,20757.0,"Census Tract 5062.03, Santa Clara County, CA",14000US06085506203
115,2017,2017,0,Total,107578,34207.0,"Census Tract 5062.04, Santa Clara County, CA",14000US06085506204
111,2017,2017,0,Total,91151,6540.0,"Census Tract 5063.01, Santa Clara County, CA",14000US06085506301
107,2017,2017,0,Total,111270,13130.0,"Census Tract 5063.02, Santa Clara County, CA",14000US06085506302
105,2017,2017,0,Total,96600,25318.0,"Census Tract 5063.04, Santa Clara County, CA",14000US06085506304
101,2017,2017,0,Total,60243,6004.0,"Census Tract 5063.05, Santa Clara County, CA",14000US06085506305
97,2017,2017,0,Total,88564,8771.0,"Census Tract 5064.01, Santa Clara County, CA",14000US06085506401
95,2017,2017,0,Total,77050,6108.0,"Census Tract 5064.02, Santa Clara County, CA",14000US06085506402
91,2017,2017,0,Total,50302,10103.0,"Census Tract 5065.01, Santa Clara County, CA",14000US06085506501
87,2017,2017,0,Total,120568,17747.0,"Census Tract 5065.02, Santa Clara County, CA",14000US06085506502
85,2017,2017,0,Total,92105,20247.0,"Census Tract 5065.03, Santa Clara County, CA",14000US06085506503
81,2017,2017,0,Total,100815,21426.0,"Census Tract 5066.01, Santa Clara County, CA",14000US06085506601
77,2017,2017,0,Total,138750,28960.0,"Census Tract 5066.03, Santa Clara County, CA",14000US06085506603
75,2017,2017,0,Total,129583,17398.0,"Census Tract 5066.04, Santa Clara County, CA",14000US06085506604
71,2017,2017,0,Total,97438,22989.0,"Census Tract 5066.05, Santa Clara County, CA",14000US06085506605
67,2017,2017,0,Total,99946,18061.0,"Census Tract 5066.06, Santa Clara County, CA",14000US06085506606
65,2017,2017,0,Total,140357,14086.0,"Census Tract 5067.01, Santa Clara County, CA",14000US06085506701
61,2017,2017,0,Total,118295,23260.0,"Census Tract 5067.02, Santa Clara County, CA",14000US06085506702
57,2017,2017,0,Total,124219,24466.0,"Census Tract 5067.03, Santa Clara County, CA",14000US06085506703
55,2017,2017,0,Total,123361,18212.0,"Census Tract 5068.01, Santa Clara County, CA",14000US06085506801
51,2017,2017,0,Total,120466,5174.0,"Census Tract 5068.02, Santa Clara County, CA",14000US06085506802
47,2017,2017,0,Total,140625,18990.0,"Census Tract 5068.03, Santa Clara County, CA",14000US06085506803
45,2017,2017,0,Total,148162,24017.0,"Census Tract 5068.04, Santa Clara County, CA",14000US06085506804
41,2017,2017,0,Total,144875,27385.0,"Census Tract 5069, Santa Clara County, CA",14000US06085506900
37,2017,2017,0,Total,155996,19206.0,"Census Tract 5070.01, Santa Clara County, CA",14000US06085507001
35,2017,2017,0,Total,212500,74633.0,"Census Tract 5070.02, Santa Clara County, CA",14000US06085507002
31,2017,2017,0,Total,95486,35357.0,"Census Tract 5071, Santa Clara County, CA",14000US06085507100
27,2017,2017,0,Total,152279,22963.0,"Census Tract 5072.03, Santa Clara County, CA",14000US06085507203
25,2017,2017,0,Total,166288,18588.0,"Census Tract 5072.05, Santa Clara County, CA",14000US06085507205
21,2017,2017,0,Total,237292,36863.0,"Census Tract 5072.06, Santa Clara County, CA",14000US06085507206
17,2017,2017,0,Total,159211,14715.0,"Census Tract 5073.01, Santa Clara County, CA",14000US06085507301
14,2017,2017,0,Total,175139,29924.0,"Census Tract 5073.02, Santa Clara County, CA",14000US06085507302
11,2017,2017,0,Total,183594,15529.0,"Census Tract 5074.01, Santa Clara County, CA",14000US06085507401
7,2017,2017,0,Total,149750,35028.0,"Census Tract 5074.02, Santa Clara County, CA",14000US06085507402
4,2017,2017,0,Total,156048,14617.000000000002,"Census Tract 5075, Santa Clara County, CA",14000US06085507500
1,2017,2017,0,Total,230694,36590.0,"Census Tract 5076, Santa Clara County, CA",14000US06085507600
3,2017,2017,0,Total,175833,19289.0,"Census Tract 5077.01, Santa Clara County, CA",14000US06085507701
8,2017,2017,0,Total,186653,35617.0,"Census Tract 5077.02, Santa Clara County, CA",14000US06085507702
13,2017,2017,0,Total,158260,10478.0,"Census Tract 5077.03, Santa Clara County, CA",14000US06085507703
18,2017,2017,0,Total,129284,10806.0,"Census Tract 5078.05, Santa Clara County, CA",14000US06085507805
23,2017,2017,0,Total,160223,21867.0,"Census Tract 5078.06, Santa Clara County, CA",14000US06085507806
28,2017,2017,0,Total,182981,9793.0,"Census Tract 5078.07, Santa Clara County, CA",14000US06085507807
32,2017,2017,0,Total,181755,25576.0,"Census Tract 5078.08, Santa Clara County, CA",14000US06085507808
38,2017,2017,0,Total,167574,18920.0,"Census Tract 5079.03, Santa Clara County, CA",14000US06085507903
42,2017,2017,0,Total,192727,23036.0,"Census Tract 5079.04, Santa Clara County, CA",14000US06085507904
48,2017,2017,0,Total,134877,22181.0,"Census Tract 5079.05, Santa Clara County, CA",14000US06085507905
52,2017,2017,0,Total,167607,18053.0,"Census Tract 5079.06, Santa Clara County, CA",14000US06085507906
58,2017,2017,0,Total,122107,19460.0,"Census Tract 5080.01, Santa Clara County, CA",14000US06085508001
62,2017,2017,0,Total,125441,16455.0,"Census Tract 5080.03, Santa Clara County, CA",14000US06085508003
68,2017,2017,0,Total,123763,13036.0,"Census Tract 5080.04, Santa Clara County, CA",14000US06085508004
72,2017,2017,0,Total,174137,12474.0,"Census Tract 5081.01, Santa Clara County, CA",14000US06085508101
78,2017,2017,0,Total,148646,15814.000000000002,"Census Tract 5081.02, Santa Clara County, CA",14000US06085508102
82,2017,2017,0,Total,146646,17075.0,"Census Tract 5082.02, Santa Clara County, CA",14000US06085508202
88,2017,2017,0,Total,172600,22167.0,"Census Tract 5082.03, Santa Clara County, CA",14000US06085508203
92,2017,2017,0,Total,152250,22239.0,"Census Tract 5082.04, Santa Clara County, CA",14000US06085508204
98,2017,2017,0,Total,171875,34102.0,"Census Tract 5083.01, Santa Clara County, CA",14000US06085508301
102,2017,2017,0,Total,175833,18770.0,"Census Tract 5083.03, Santa Clara County, CA",14000US06085508303
108,2017,2017,0,Total,91034,16985.0,"Census Tract 5083.04, Santa Clara County, CA",14000US06085508304
112,2017,2017,0,Total,163542,10032.0,"Census Tract 5084.01, Santa Clara County, CA",14000US06085508401
118,2017,2017,0,Total,172321,24819.0,"Census Tract 5084.03, Santa Clara County, CA",14000US06085508403
122,2017,2017,0,Total,135000,38236.0,"Census Tract 5084.04, Santa Clara County, CA",14000US06085508404
128,2017,2017,0,Total,127905,23169.0,"Census Tract 5085.03, Santa Clara County, CA",14000US06085508503
132,2017,2017,0,Total,110401,9822.0,"Census Tract 5085.04, Santa Clara County, CA",14000US06085508504
138,2017,2017,0,Total,144615,20047.0,"Census Tract 5085.05, Santa Clara County, CA",14000US06085508505
142,2017,2017,0,Total,105446,19087.0,"Census Tract 5085.07, Santa Clara County, CA",14000US06085508507
148,2017,2017,0,Total,88375,20157.0,"Census Tract 5085.08, Santa Clara County, CA",14000US06085508508
152,2017,2017,0,Total,129813,19817.0,"Census Tract 5086.01, Santa Clara County, CA",14000US06085508601
158,2017,2017,0,Total,122609,10712.0,"Census Tract 5086.02, Santa Clara County, CA",14000US06085508602
162,2017,2017,0,Total,127125,11383.0,"Census Tract 5087.03, Santa Clara County, CA",14000US06085508703
168,2017,2017,0,Total,112031,21448.0,"Census Tract 5087.04, Santa Clara County, CA",14000US06085508704
172,2017,2017,0,Total,121759,15133.0,"Census Tract 5088, Santa Clara County, CA",14000US06085508800
178,2017,2017,0,Total,89792,8745.0,"Census Tract 5089, Santa Clara County, CA",14000US06085508900
182,2017,2017,0,Total,74286,10054.0,"Census Tract 5090, Santa Clara County, CA",14000US06085509000
188,2017,2017,0,Total,147019,26375.0,"Census Tract 5091.02, Santa Clara County, CA",14000US06085509102
192,2017,2017,0,Total,111843,14338.999999999998,"Census Tract 5091.05, Santa Clara County, CA",14000US06085509105
198,2017,2017,0,Total,130139,27940.0,"Census Tract 5091.06, Santa Clara County, CA",14000US06085509106
202,2017,2017,0,Total,114853,15867.0,"Census Tract 5091.07, Santa Clara County, CA",14000US06085509107
208,2017,2017,0,Total,104898,5717.0,"Census Tract 5091.08, Santa Clara County, CA",14000US06085509108
212,2017,2017,0,Total,157212,9470.0,"Census Tract 5091.09, Santa Clara County, CA",14000US06085509109
218,2017,2017,0,Total,123875,16187.0,"Census Tract 5092.01, Santa Clara County, CA",14000US06085509201
222,2017,2017,0,Total,129167,18567.0,"Census Tract 5092.02, Santa Clara County, CA",14000US06085509202
228,2017,2017,0,Total,118750,37970.0,"Census Tract 5093.02, Santa Clara County, CA",14000US06085509302
232,2017,2017,0,Total,74844,16669.0,"Census Tract 5093.03, Santa Clara County, CA",14000US06085509303
238,2017,2017,0,Total,122679,24524.0,"Census Tract 5093.04, Santa Clara County, CA",14000US06085509304
242,2017,2017,0,Total,94767,10359.0,"Census Tract 5094.01, Santa Clara County, CA",14000US06085509401
248,2017,2017,0,Total,98854,12815.0,"Census Tract 5094.03, Santa Clara County, CA",14000US06085509403
252,2017,2017,0,Total,121161,15086.999999999998,"Census Tract 5094.04, Santa Clara County, CA",14000US06085509404
258,2017,2017,0,Total,94750,19976.0,"Census Tract 5095, Santa Clara County, CA",14000US06085509500
262,2017,2017,0,Total,153828,27829.000000000004,"Census Tract 5096, Santa Clara County, CA",14000US06085509600
268,2017,2017,0,Total,134420,17091.0,"Census Tract 5097, Santa Clara County, CA",14000US06085509700
272,2017,2017,0,Total,129063,21698.0,"Census Tract 5098.01, Santa Clara County, CA",14000US06085509801
278,2017,2017,0,Total,166319,27131.000000000004,"Census Tract 5098.02, Santa Clara County, CA",14000US06085509802
282,2017,2017,0,Total,166184,38224.0,"Census Tract 5099.01, Santa Clara County, CA",14000US06085509901
288,2017,2017,0,Total,145375,30356.0,"Census Tract 5099.02, Santa Clara County, CA",14000US06085509902
292,2017,2017,0,Total,210000,50084.0,"Census Tract 5100.01, Santa Clara County, CA",14000US06085510001
298,2017,2017,0,Total,212669,28776.000000000004,"Census Tract 5100.02, Santa Clara County, CA",14000US06085510002
302,2017,2017,0,Total,163542,28486.000000000004,"Census Tract 5101, Santa Clara County, CA",14000US06085510100
308,2017,2017,0,Total,250001,,"Census Tract 5102, Santa Clara County, CA",14000US06085510200
312,2017,2017,0,Total,187109,17511.0,"Census Tract 5103, Santa Clara County, CA",14000US06085510300
318,2017,2017,0,Total,237961,41509.0,"Census Tract 5104, Santa Clara County, CA",14000US06085510400
322,2017,2017,0,Total,194464,26079.0,"Census Tract 5105, Santa Clara County, CA",14000US06085510500
328,2017,2017,0,Total,128030,23812.0,"Census Tract 5106, Santa Clara County, CA",14000US06085510600
332,2017,2017,0,Total,115000,27262.0,"Census Tract 5107, Santa Clara County, CA",14000US06085510700
338,2017,2017,0,Total,170603,28710.0,"Census Tract 5108.01, Santa Clara County, CA",14000US06085510801
342,2017,2017,0,Total,194500,38790.0,"Census Tract 5108.02, Santa Clara County, CA",14000US06085510802
348,2017,2017,0,Total,128333,16888.0,"Census Tract 5108.03, Santa Clara County, CA",14000US06085510803
352,2017,2017,0,Total,131538,37301.0,"Census Tract 5109, Santa Clara County, CA",14000US06085510900
358,2017,2017,0,Total,171235,17148.0,"Census Tract 5110, Santa Clara County, CA",14000US06085511000
362,2017,2017,0,Total,233750,47072.0,"Census Tract 5111, Santa Clara County, CA",14000US06085511100
368,2017,2017,0,Total,245380,49817.0,"Census Tract 5112, Santa Clara County, CA",14000US06085511200
370,2017,2017,0,Total,99605,20311.0,"Census Tract 5113.01, Santa Clara County, CA",14000US06085511301
364,2017,2017,0,Total,93792,28232.0,"Census Tract 5113.02, Santa Clara County, CA",14000US06085511302
360,2017,2017,0,Total,195294,36876.0,"Census Tract 5114, Santa Clara County, CA",14000US06085511400
354,2017,2017,0,Total,154917,29130.0,"Census Tract 5115, Santa Clara County, CA",14000US06085511500
350,2017,2017,0,Total,37250,9396.0,"Census Tract 5116.08, Santa Clara County, CA",14000US06085511608
344,2017,2017,0,Total,98083,15804.999999999998,"Census Tract 5116.09, Santa Clara County, CA",14000US06085511609
340,2017,2017,0,Total,249750,13568.0,"Census Tract 5117.01, Santa Clara County, CA",14000US06085511701
334,2017,2017,0,Total,232917,20141.0,"Census Tract 5117.02, Santa Clara County, CA",14000US06085511702
330,2017,2017,0,Total,236563,38939.0,"Census Tract 5117.04, Santa Clara County, CA",14000US06085511704
324,2017,2017,0,Total,188125,63875.0,"Census Tract 5117.05, Santa Clara County, CA",14000US06085511705
320,2017,2017,0,Total,152692,31461.0,"Census Tract 5117.07, Santa Clara County, CA",14000US06085511707
314,2017,2017,0,Total,145486,13539.0,"Census Tract 5118, Santa Clara County, CA",14000US06085511800
310,2017,2017,0,Total,138942,12644.0,"Census Tract 5119.05, Santa Clara County, CA",14000US06085511905
304,2017,2017,0,Total,147241,26768.0,"Census Tract 5119.07, Santa Clara County, CA",14000US06085511907
300,2017,2017,0,Total,215667,28718.0,"Census Tract 5119.09, Santa Clara County, CA",14000US06085511909
294,2017,2017,0,Total,186146,46948.0,"Census Tract 5119.10, Santa Clara County, CA",14000US06085511910
290,2017,2017,0,Total,125694,23608.0,"Census Tract 5119.11, Santa Clara County, CA",14000US06085511911
284,2017,2017,0,Total,177778,19825.0,"Census Tract 5119.12, Santa Clara County, CA",14000US06085511912
280,2017,2017,0,Total,183281,27779.000000000004,"Census Tract 5119.13, Santa Clara County, CA",14000US06085511913
274,2017,2017,0,Total,155556,26933.0,"Census Tract 5119.14, Santa Clara County, CA",14000US06085511914
270,2017,2017,0,Total,66667,15055.0,"Census Tract 5119.15, Santa Clara County, CA",14000US06085511915
264,2017,2017,0,Total,124922,21286.0,"Census Tract 5119.16, Santa Clara County, CA",14000US06085511916
260,2017,2017,0,Total,180565,24865.0,"Census Tract 5120.01, Santa Clara County, CA",14000US06085512001
254,2017,2017,0,Total,119054,17945.0,"Census Tract 5120.05, Santa Clara County, CA",14000US06085512005
250,2017,2017,0,Total,78324,15789.999999999998,"Census Tract 5120.17, Santa Clara County, CA",14000US06085512017
244,2017,2017,0,Total,106955,9580.0,"Census Tract 5120.19, Santa Clara County, CA",14000US06085512019
240,2017,2017,0,Total,86792,7114.0,"Census Tract 5120.20, Santa Clara County, CA",14000US06085512020
234,2017,2017,0,Total,101375,20738.0,"Census Tract 5120.21, Santa Clara County, CA",14000US06085512021
230,2017,2017,0,Total,69618,15066.000000000002,"Census Tract 5120.22, Santa Clara County, CA",14000US06085512022
224,2017,2017,0,Total,75307,11129.0,"Census Tract 5120.23, Santa Clara County, CA",14000US06085512023
220,2017,2017,0,Total,98875,15268.0,"Census Tract 5120.24, Santa Clara County, CA",14000US06085512024
214,2017,2017,0,Total,108295,17825.0,"Census Tract 5120.25, Santa Clara County, CA",14000US06085512025
210,2017,2017,0,Total,98032,12346.0,"Census Tract 5120.26, Santa Clara County, CA",14000US06085512026
204,2017,2017,0,Total,92625,28067.0,"Census Tract 5120.27, Santa Clara County, CA",14000US06085512027
200,2017,2017,0,Total,118377,11399.0,"Census Tract 5120.29, Santa Clara County, CA",14000US06085512029
194,2017,2017,0,Total,143929,12480.0,"Census Tract 5120.30, Santa Clara County, CA",14000US06085512030
190,2017,2017,0,Total,115526,16311.0,"Census Tract 5120.31, Santa Clara County, CA",14000US06085512031
184,2017,2017,0,Total,116581,27362.0,"Census Tract 5120.32, Santa Clara County, CA",14000US06085512032
180,2017,2017,0,Total,116790,13494.0,"Census Tract 5120.33, Santa Clara County, CA",14000US06085512033
174,2017,2017,0,Total,130435,18938.0,"Census Tract 5120.34, Santa Clara County, CA",14000US06085512034
170,2017,2017,0,Total,128466,13843.0,"Census Tract 5120.35, Santa Clara County, CA",14000US06085512035
164,2017,2017,0,Total,114883,18287.0,"Census Tract 5120.36, Santa Clara County, CA",14000US06085512036
160,2017,2017,0,Total,124375,15103.0,"Census Tract 5120.37, Santa Clara County, CA",14000US06085512037
154,2017,2017,0,Total,95652,34939.0,"Census Tract 5120.38, Santa Clara County, CA",14000US06085512038
150,2017,2017,0,Total,110972,14889.0,"Census Tract 5120.39, Santa Clara County, CA",14000US06085512039
144,2017,2017,0,Total,71974,6407.0,"Census Tract 5120.42, Santa Clara County, CA",14000US06085512042
140,2017,2017,0,Total,51033,9098.0,"Census Tract 5120.43, Santa Clara County, CA",14000US06085512043
134,2017,2017,0,Total,119444,21360.0,"Census Tract 5120.45, Santa Clara County, CA",14000US06085512045
130,2017,2017,0,Total,123355,7043.0,"Census Tract 5120.47, Santa Clara County, CA",14000US06085512047
124,2017,2017,0,Total,87437,13305.0,"Census Tract 5120.52, Santa Clara County, CA",14000US06085512052
120,2017,2017,0,Total,84693,11944.0,"Census Tract 5120.53, Santa Clara County, CA",14000US06085512053
114,2017,2017,0,Total,100870,9106.0,"Census Tract 5121, Santa Clara County, CA",14000US06085512100
110,2017,2017,0,Total,150729,33539.0,"Census Tract 5122, Santa Clara County, CA",14000US06085512200
104,2017,2017,0,Total,138068,32809.0,"Census Tract 5123.05, Santa Clara County, CA",14000US06085512305
100,2017,2017,0,Total,106887,20749.0,"Census Tract 5123.07, Santa Clara County, CA",14000US06085512307
94,2017,2017,0,Total,153929,17047.0,"Census Tract 5123.08, Santa Clara County, CA",14000US06085512308
90,2017,2017,0,Total,115379,17314.0,"Census Tract 5123.09, Santa Clara County, CA",14000US06085512309
84,2017,2017,0,Total,57276,8959.0,"Census Tract 5123.10, Santa Clara County, CA",14000US06085512310
80,2017,2017,0,Total,100337,14891.000000000002,"Census Tract 5123.11, Santa Clara County, CA",14000US06085512311
74,2017,2017,0,Total,115054,18272.0,"Census Tract 5123.12, Santa Clara County, CA",14000US06085512312
70,2017,2017,0,Total,77500,5522.0,"Census Tract 5123.13, Santa Clara County, CA",14000US06085512313
64,2017,2017,0,Total,80929,16339.0,"Census Tract 5123.14, Santa Clara County, CA",14000US06085512314
60,2017,2017,0,Total,111763,11553.0,"Census Tract 5124.01, Santa Clara County, CA",14000US06085512401
54,2017,2017,0,Total,107917,17387.0,"Census Tract 5124.02, Santa Clara County, CA",14000US06085512402
50,2017,2017,0,Total,141931,13036.0,"Census Tract 5125.03, Santa Clara County, CA",14000US06085512503
44,2017,2017,0,Total,79635,18426.0,"Census Tract 5125.05, Santa Clara County, CA",14000US06085512505
40,2017,2017,0,Total,72321,16796.0,"Census Tract 5125.06, Santa Clara County, CA",14000US06085512506
34,2017,2017,0,Total,73466,19972.0,"Census Tract 5125.08, Santa Clara County, CA",14000US06085512508
30,2017,2017,0,Total,100625,23758.0,"Census Tract 5125.09, Santa Clara County, CA",14000US06085512509
24,2017,2017,0,Total,88596,11818.0,"Census Tract 5125.10, Santa Clara County, CA",14000US06085512510
20,2017,2017,0,Total,88690,22420.0,"Census Tract 5126.02, Santa Clara County, CA",14000US06085512602
16,2017,2017,0,Total,48125,8005.0,"Census Tract 5126.03, Santa Clara County, CA",14000US06085512603
10,2017,2017,0,Total,52194,16793.0,"Census Tract 5126.04, Santa Clara County, CA",14000US06085512604
6,2017,2017,0,Total,37361,3506.0000000000005,"Census Tract 5130, Santa Clara County, CA",14000US06085513000
0,2017,2017,0,Total,107813,30804.0,"Census Tract 5135, Santa Clara County, CA",14000US06085513500
